7163,6406ZyiQoD,1993-06-09
7470,jlytXUsk2H,1921-04-15
2518,Aa9bUHlpsE,1950-12-23
9503,TxQfZAZtle,1924-01-20
5314,JFSwENhXtJ,1943-09-04
5758,HbCk9czuaP,1913-04-17
6986,KePWysqpNn,1917-06-13
3313,J61D5iZLmA,1936-02-09
9220,GtnnAYGCuM,1930-05-14
7052,RiBlp5jdmS,2010-03-24
8334,BsrhRu5hDA,1921-07-14
3053,RDjlUYAo4G,1901-04-24
8620,jgAeOL7A5x,1914-03-21
3485,sJhBAcdfGU,1993-11-12
9663,v6tsq42nlx,2019-01-08
2983,ojnZCUeg5u,1928-11-26
7962,Ts2bmhmq6U,1949-07-15
6252,zaObQ94DiS,1936-09-27
1350,VdkHZuwlKG,2007-09-17
5233,mLwPl1lgZn,1958-12-02
1150,HyVZo6ishN,1963-06-22
1686,xEB5j6hiWE,1965-01-23
911,fOdfyDgt4J,1992-10-13
8682,JygeMYk3nR,1993-12-20
2675,akMA1k3E8K,1925-03-29
37,cigGkHmTmH,1991-01-26
8072,hMwQfvpC4O,1917-08-24
4612,S7ajeWdoGn,1949-01-08
442,vopT1ZBbIW,1910-11-25
5110,ie1OMVkQGr,1972-12-06
3637,KLK1ZZ36aT,2005-06-29
9296,ly2721miZD,1962-03-07
7659,QOfENzRVnF,1970-01-06
3273,iulcfcedR5,1991-02-05
2976,CkslxiPla6,1985-01-18
7641,GMyQoD0KkN,1922-11-06
256,ORK0OyRIia,2018-06-18
1941,DLrbuNKRKz,2019-02-20
4285,tHdk6biNgk,1933-05-16
2281,hMV3wrE6Nt,1944-06-14
61,nyX6Acke7x,1949-11-25
341,udxMqz60ap,1939-12-23
1004,w70nwsi4io,1954-02-04
2684,JVTml82JG0,1943-09-15
8151,HnWNNVv9w6,1929-01-26
8867,t4ojwjNlhk,1947-12-09
6872,ZrNeiJrPQe,1971-12-18
2447,SGNqxefcDz,1926-04-13
1141,wuy5z0fpzC,1909-02-19
9247,SyEfT3YCAH,1968-12-24
1932,9L8EHlPxgB,1916-01-29
212,9DQAdkz2L4,1995-02-10
4084,fwpyM1r9dU,1949-08-10
5325,EqDRj6U1Ar,2005-10-11
5397,9lHdMVlMDo,1999-12-16
7765,cWHWhJgRZ9,1942-01-10
4484,R3fE9SLUJ3,1949-02-11
9368,NgvOx84EXi,1994-02-03
6451,M4aFk3bqgY,1914-02-15
3091,L1BAdf74oS,2019-07-24
5152,KpBRZHsaqV,1981-08-30
6295,tif252asdL,1918-11-20
1881,tJGhY1lxo7,1909-01-08
8106,SzAkxtCOUh,2007-12-11
6027,c4VvHujNSR,1955-06-03
6602,JD52hBIq2G,1984-05-17
1795,HJZabT7YBL,1916-02-17
4802,PgesEmjpCD,1916-09-11
4501,y3MwvNPSMn,1970-09-29
2288,1WHLPJLm1r,2006-08-24
7,p7Ir95tKU3,1946-04-09
8517,8uBndHJxVT,1993-10-11
3006,qE2BsHLyeu,2021-02-20
5641,ETrXw65WN9,1941-03-30
9781,XMRGxS8MiG,1994-07-09
2392,kVp4xTTvDd,2003-10-26
113,0nuU8j9KjE,1938-12-26
8819,I9za18gZqf,1938-01-17
9448,mwkavVFHr7,2011-02-15
8488,rGVMozp8Df,1979-05-22
9505,Ox4yrZ5ngN,1904-07-11
3171,piwHQqHYPx,1998-08-12
654,3xwyD1DLDF,2020-01-26
5538,Zf4cCZsEvc,2006-11-09
8530,RtLkcTYTrA,1949-03-30
4978,MNw97zOqP1,1938-04-03
5204,de7OKbHgCs,2004-12-04
3182,s8BFi23gCH,1928-07-18
7566,3D0abG4hUa,2008-08-30
1202,F1B0JNhy3j,1911-07-28
11,WpSAKaeFut,1994-05-26
9993,TrFw3ln67t,1952-10-07
3784,FH7fSNORdi,1953-04-20
7003,LzuIvjIbHP,2015-11-25
6279,Y0Nc3Bstld,1993-10-01
1838,wRR4KRMY5T,1918-07-15
6717,6mjrvEW1JY,1959-11-02
9062,P10Hd0NAiQ,1969-07-11
3781,UgGGeHL0aR,2012-01-28
2113,W5GEPIpvzo,1949-04-01
